country,1980,1981,1982,1983,1984,1985,1986,1987,1988,1989,1990,1991,1992,1993,1994,1995,1996,1997,1998,1999,2000,2001,2002,2003,2004,2005,2006,2007,2008,2009,2010,2011,2012,2013,2014,2015,2016,2017,2018,2019
    World,NA,NA,NA,NA,NA,NA,NA,NA,NA,NA,10926.426,11429.37969,17794.06836,17912.44955,17290.12962,18017.70327,20485.46863,19272.9717,19376.17475,21263.36765,22752.99756,23387.61361,25061.68423,26965.03412,29141.27843,30905.24573,33016.50743,34040.42423,35242.13603,32348.09413,35794.22361,37854.8215,37127.16874,37486.30144,36346.93371,36994.07199,39156.46898,42408.47861,42396.97191,43748.56015
        Afghanistan,NA,NA,NA,NA,NA,NA,NA,NA,NA,NA,0,0,0,0,0,0,0,0,0,0,0,0,0,0,0,0,0,0,0,0,0,0,0,0,0,0,0,0,0,0
        Albania,NA,NA,NA,NA,NA,NA,NA,NA,NA,NA,0,0,0,0,0,0,0,0,0,0,0,0,0,0,0,0,0,0,0,0,0,0,0,0,0,0,0,0,0,0
        Algeria,NA,NA,NA,NA,NA,NA,NA,NA,NA,NA,0,0,0,0,0,0,0,0,0,0,0,0,0,0,0,0,0,0,0,0,0,0,0,0,0,0,0,0,0,0
        American Samoa,NA,NA,NA,NA,NA,NA,NA,NA,NA,NA,0,0,0,0,0,0,0,0,0,0,0,0,0,0,0,0,0,0,0,0,0,0,0,0,0,0,0,0,0,0
        Angola,NA,NA,NA,NA,NA,NA,NA,NA,NA,NA,0,0,0,0,0,0,0,0,0,0,0,0,0,0,0,0,0,0,0,0,0,0,0,0,0,0,0,0,0,0
        Antarctica,NA,NA,NA,NA,NA,NA,NA,NA,NA,NA,0,0,0,0,0,0,0,0,0,0,0,0,0,0,0,0,0,0,0,0,0,0,0,0,0,0,0,0,0,0
        Antigua and Barbuda,NA,NA,NA,NA,NA,NA,NA,NA,NA,NA,0,0,0,0,0,0,0,0,0,0,0,0,0,0,0,0,0,0,0,0,0,0,0,0,0,0,0,0,0,0
        Argentina,NA,NA,NA,NA,NA,NA,NA,NA,NA,NA,86.52,76.99,77.69,73.102,69.92,69.92,72.0426,64.62645,76.2804,42.378,0,0,0,0,28.252,61.4481,63.567,59.3292,45.9095,93.9379,127.48715,267.33455,314.65665,395.528,411.34912,376.81105,347.499849,412.0903633,347.1383177,242.4471641
        Armenia,--,--,--,--,--,--,--,--,--,--,--,--,65.6859,49.44,56.5,56.5,63.57,45.9095,49.441,45.55635,49.79415,49.441,38.49335,46.6158,46.96895,60.0355,60.0355,72.53701,68.15795,54.73825,64.2733,73.10205,86.52175,85.10915,88.2875,72.39575,78.2573752,83.1308038,86.1077547,88.78911933
        Aruba,--,--,--,--,--,--,NA,NA,NA,NA,0,0,0,0,0,0,0,0,0,0,0,0,0,0,0,0,0,0,0,0,0,0,0,0,0,0,0,0,0,0
        Australia,NA,NA,NA,NA,NA,NA,NA,NA,NA,NA,0,0,0,0,0,0,0,0,0,0,0,0,0,2.295475,0.77693,0,45.732925,205.003575,193.632145,228.20553,199.282545,230.46569,205.215465,230.147855,245.01547,225.062495,222.8004423,204.2955395,206.3828612,180.2698324
        Austria,NA,NA,NA,NA,NA,NA,NA,NA,NA,NA,184,181,180.84811,190,176.01,224.74,232.09018,212.772875,219.765245,216.33969,219.58867,222.34324,231.419195,284.28575,296.893205,347.99401,381.68452,353.609095,359.93048,378.965265,438.435725,472.550015,500.48418,366.534385,357.3878,405.380885,509.7323798,494.5823735,458.8523797,498.4327168
        Azerbaijan,--,--,--,--,--,--,--,--,--,--,--,--,247.21,144.79,105.95,84.76,91.82,113.008,0,0,0,35.315,138.08165,143.73205,174.10295,161.0364,158.2112,0,0,8.82875,8.82875,8.82875,19.42325,15.89175,10.5945,7.063,17.5867806,74.0903006,63.1349807,43.5510723
        Bahrain,NA,NA,NA,NA,NA,NA,NA,NA,NA,NA,0,0,0,0,0,0,0,0,0,0,0,0,0,0,0,0,0,0,0,0,0,0,0,0,0,0,0,0,0,0
        Bangladesh,NA,NA,NA,NA,NA,NA,NA,NA,NA,NA,0,0,0,0,0,0,0,0,0,0,0,0,0,0,0,0,0,0,0,0,0,0,0,0,0,0,0,0,35.53241308,93.19749971
        Barbados,NA,NA,NA,NA,NA,NA,NA,NA,NA,NA,0,0,0,0,0,0,0,0,0,0,0,0,0,0,0,0,0,0,0,0,0,0,0,0,0,0,0.099577,0.242361368,0.190030786,0.212748219
        Belarus,--,--,--,--,--,--,--,--,--,--,--,--,634.96,575.63,487.35,441.44,483.82,526.1935,537.14115,600.355,685.111,628.607,591.52625,628.607,572.8093,710.89095,734.552,727.489,745.1465,621.544,762.804,742.3213,731.37365,715.83505,708.06575,610.9495,605.652295,618.8599928,661.6926293,659.4468452
        Belgium,NA,NA,NA,NA,NA,NA,NA,NA,NA,NA,340.15,358.52,378.26,391.93,404.71,431.27,491.72606,466.8643,514.61018,557.941685,549.64266,543.674425,565.145945,589.583925,602.68579,613.386235,622.17967,616.74116,641.850125,745.07587,837.777745,771.2796,668.23043,676.458825,597.777005,664.381095,646.9003185,639.307658,691.3427915,798.3267448
        Belize,NA,NA,NA,NA,NA,NA,NA,NA,NA,NA,0,0,0,0,0,0,0,0,0,0,0,0,0,0,0,0,0,0,0,0,0,0,0,0,0,0,0,0,0,0
        Benin,NA,NA,NA,NA,NA,NA,NA,NA,NA,NA,0,0,0,0,0,0,0,0,0,0,0,0,0,0,0,0,0,0,0,0,0,0,0,0.386617,1.05441,1.124704,0.070294,1.411819843,0.673275932,0.673275932
        Bermuda,NA,NA,NA,NA,NA,NA,NA,NA,NA,NA,0,0,0,0,0,0,0,0,0,0,0,0,0,0,0,0,0,0,0,0,0,0,0,0,0,0,0,0,0,0
        Bhutan,NA,NA,NA,NA,NA,NA,NA,NA,NA,NA,0,0,0,0,0,0,0,0,0,0,0,0,0,0,0,0,0,0,0,0,0,0,0,0,0,0,0,0,0,0
        Bolivia,NA,NA,NA,NA,NA,NA,NA,NA,NA,NA,0,0,0,0,0,0,0,0,0,0,0,0,0,0,0,0,0,0,0,0,0,0,0,0,0,0,0,0,0,0
        Bosnia and Herzegovina,--,--,--,--,--,--,--,--,--,--,--,--,16.87,14.15967339,8.76,54.74,4.9441,4.9441,7.063,7.063,10.5945,10.5945,5.6504,5.6504,10.5945,14.126,14.126,11.3008,10.94765,7.41615,8.12245,9.1819,8.4756,8.4756,5.968235,7.063,7.3808323,8.0164969,8.003539623,7.707649087
        Botswana,NA,NA,NA,NA,NA,NA,NA,NA,NA,NA,0,0,0,0,0,0,0,0,0,0,0,0,0,0,0,0,0,0,0,0,0,0,0,0,0,0,0,0,0,0
        Brazil,NA,NA,NA,NA,NA,NA,NA,NA,NA,NA,0,0,0,0,0,0,0,0,0,13.06655,75.92725,162.449,185.7569,187.8758,266.9814,312.1846,334.0799,353.8563,389.52445,298.0586,444.969,370.1012,484.87495,592.23255,617.3062,670.2787,465.7771353,371.1982683,378.2558699,343.4014275
        British Virgin Islands,NA,NA,NA,NA,NA,NA,NA,NA,NA,NA,0,0,0,0,0,0,0,0,0,0,0,0,0,0,0,0,0,0,0,0,0,0,0,0,0,0,0,0,0,0
        Brunei,NA,NA,NA,NA,NA,NA,NA,NA,NA,NA,0,0,0,0,0,0,0,0,0,0,0,0,0,0,0,0,0,0,0,0,0,0,0,0,0,0,0,0,0,0
        Bulgaria,NA,NA,NA,NA,NA,NA,NA,NA,NA,NA,240.142,180.2782616,194.2325,169.512,165.98,206.59,217.19,180.1065,133.84385,118.30525,113.008,102.4135,114.0323101,110.8201324,105.857353,106.8751992,113.0976096,107.71075,109.4765,72.7489,87.93435,99.23515,87.61525895,95.244555,94.6442,108.0436681,109.2636818,115.4437543,110.0151328,104.1842499
        Burkina Faso,NA,NA,NA,NA,NA,NA,NA,NA,NA,NA,0,0,0,0,0,0,0,0,0,0,0,0,0,0,0,0,0,0,0,0,0,0,0,0,0,0,0,0,0,0
        Burma,NA,NA,NA,NA,NA,NA,NA,NA,NA,NA,0,0,0,0,0,0,0,0,0,0,0,0,0,0,0,0,0,0,0,0,0,0,0,0,0,0,0,0,0,0
        Burundi,NA,NA,NA,NA,NA,NA,NA,NA,NA,NA,0,0,0,0,0,0,0,0,0,0,0,0,0,0,0,0,0,0,0,0,0,0,0,0,0,0,0,0,0,0
        Cabo Verde,NA,NA,NA,NA,NA,NA,NA,NA,NA,NA,0,0,0,0,0,0,0,0,0,0,0,0,0,0,0,0,0,0,0,0,0,0,0,0,0,0,0,0,0,0
        Cambodia,NA,NA,NA,NA,NA,NA,NA,NA,NA,NA,0,0,0,0,0,0,0,0,0,0,0,0,0,0,0,0,0,0,0,0,0,0,0,0,0,0,0,0,0,0
        Cameroon,NA,NA,NA,NA,NA,NA,NA,NA,NA,NA,0,0,0,0,0,0,0,0,0,0,0,0,0,0,0,0,0.413700669,0,0,0,0,0,0,0,0,0,0,0,0,0
        Canada,NA,NA,NA,NA,NA,NA,NA,NA,NA,NA,22.6,11.27,58.59,28.71,36.66,23.8,43.01367,44.85005,27.96948,28.39326,57.457505,138.08165,233.079,341.8492,383.556215,336.34006,340.895695,478.553565,563.34488,735.2583,800.555735,1106.34832,1105.818595,942.875185,773.11598,693.09219,782.9085746,931.4281574,856.9217875,989.7460806
        Cayman Islands,NA,NA,NA,NA,NA,NA,NA,NA,NA,NA,0,0,0,0,0,0,0,0,0,0,0,0,0,0,0,0,0,0,0,0,0,0,0,0,0,0,0,0,0,0
        Central African Republic,NA,NA,NA,NA,NA,NA,NA,NA,NA,NA,0,0,0,0,0,0,0,0,0,0,0,0,0,0,0,0,0,0,0,0,0,0,0,0,0,0,0,0,0,0
        Chad,NA,NA,NA,NA,NA,NA,NA,NA,NA,NA,0,0,0,0,0,0,0,0,0,0,0,0,0,0,0,0,0,0,0,0,0,0,0,0,0,0,0,0,0,0
        Chile,NA,NA,NA,NA,NA,NA,NA,NA,NA,NA,0,0,0,0,0,0,0,23.66105,43.7906,119.71785,143.73205,181.5191,184.944655,215.20961,240.35389,221.742885,202.77873,98.281645,27.5457,51.595215,126.321755,139.741455,138.328855,136.95157,122.437105,131.619005,153.5847484,157.0102743,154.9085891,165.5932771
        China,NA,NA,NA,NA,NA,NA,NA,NA,NA,NA,0,0,0,0,0,0,0,0,0,0,0,0,0,0,0,0,32.77232,138.4348,158.9175,263.52053,576.69395,1107.69029,1510.42255,1870.9887,2129.4945,2202.59655,2607.388202,3330.328185,4327.861059,4647.706306
        Colombia,NA,NA,NA,NA,NA,NA,NA,NA,NA,NA,0,0,0,0,0,0,0,0,0,0,0,0,0,0,0,0,0,0,0,0,0,0,0,0,0,0,2.469702374,1.744050724,8.515845023,13.97740002
        Comoros,NA,NA,NA,NA,NA,NA,NA,NA,NA,NA,0,0,0,0,0,0,0,0,0,0,0,0,0,0,0,0,0,0,0,0,0,0,0,0,0,0,0,0,0,0
        Congo-Brazzaville,NA,NA,NA,NA,NA,NA,NA,NA,NA,NA,0,0,0,0,0,0,0,0,0,0,0,0,0,0,0,0,0,0,0,0,0,0,0,0,0,0,0,0,0,0
        Congo-Kinshasa,NA,NA,NA,NA,NA,NA,NA,NA,NA,NA,0,0,0,0,0,0,0,0,0,0,0,0,0,0,0,0,0,0,0,0,0,0,0,0,0,0,0,0,0,0
        Cook Islands,NA,NA,NA,NA,NA,NA,NA,NA,NA,NA,0,0,0,0,0,0,0,0,0,0,0,0,0,0,0,0,0,0,0,0,0,0,0,0,0,0,0,0,0,0
        Costa Rica,NA,NA,NA,NA,NA,NA,NA,NA,NA,NA,0,0,0,0,0,0,0,0,0,0,0,0,0,0,0,0,0,0,0,0,0,0,0,0,0,0,0,0,0,0
        Croatia,--,--,--,--,--,--,--,--,--,--,--,--,31.75,30.72405,27.55,12.36,24.72,42.378,38.8465,39.19965,39.19965,38.1402,38.1402,42.378,39.19965,40.61225,40.61225,37.4339,43.29619,36.833545,39.729375,28.9583,45.2032,48.38155,36.7276,37.85768,46.7569844,65.3678313,55.8556124,70.4099851
        Cuba,NA,NA,NA,NA,NA,NA,NA,NA,NA,NA,0,0,0,0,0,0,0,0,0,0,0,0,0,0,0,0,0,0,0,0,0,0,0,0,0,0,0,0,0,0
        Cyprus,NA,NA,NA,NA,NA,NA,NA,NA,NA,NA,0,0,0,0,0,0,0,0,0,0,0,0,0,0,0,0,0,0,0,0,0,0,0,0,0,0,0,0,0,0
        Czech Republic,--,--,--,--,--,--,--,--,--,--,--,--,--,246.993,250.74,279.13,328.323555,330.83092,329.948045,323.4854,325.215835,336.234115,343.75621,336.375375,311.372355,330.513085,346.22826,304.69782,338.070495,306.18105,300.53065,329.171115,263.838365,299.04742,255.998435,263.94431,286.8635503,313.9146105,282.9497872,336.5560619
        Côte d’Ivoire,NA,NA,NA,NA,NA,NA,NA,NA,NA,NA,0,0,0,0,0,0,0,0,0,0,0,0,0,0,0,0,0,0,0,0,0,0,0,0,0,0,0,0,0,0
        Denmark,NA,NA,NA,NA,NA,NA,NA,NA,NA,NA,0,0,0,0,0,0,0,0,0,0,0,0,0,0,0,0,0,0,0,0,5.36788,29.699915,32.41917,48.134345,22.071875,23.23727,24.0848228,18.293212,13.71397966,40.0222824
        Djibouti,NA,NA,NA,NA,NA,NA,NA,NA,NA,NA,0,0,0,0,0,0,0,0,0,0,0,0,0,0,0,0,0,0,0,0,0,0,0,0,0,0,0,0,0,0
        Dominica,NA,NA,NA,NA,NA,NA,NA,NA,NA,NA,0,0,0,0,0,0,0,0,0,0,0,0,0,0,0,0,0,0,0,0,0,0,0,0,0,0,0,0,0,0
        Dominican Republic,NA,NA,NA,NA,NA,NA,NA,NA,NA,NA,0,0,0,0,0,0,0,0,0,0,0,0,0,10.5945,4.59095,8.82875,8.82875,16.9512,16.59805,19.7764,28.9583,32.84295,45.2032,37.751735,37.751735,39.12902,37.80141586,40.71473565,44.98984756,56.0251
        Ecuador,NA,NA,NA,NA,NA,NA,NA,NA,NA,NA,0,0,0,0,0,0,0,0,0,0,0,0,0,0,0,0,0,0,0,0,0,0,0,0,0,0,0,0,0,0
        Egypt,NA,NA,NA,NA,NA,NA,NA,NA,NA,NA,0,0,0,0,0,0,0,0,0,0,0,0,0,0,0,0,0,0,0,0,0,0,0,0,0,127.48715,293.6781282,249.7113267,95.03938554,2.950569159
        El Salvador,NA,NA,NA,NA,NA,NA,NA,NA,NA,NA,0,0,0,0,0,0,0,0,0,0,0,0,0,0,0,0,0,0,0,0,0,0,0,0,0,0,0,0,0,0
        Equatorial Guinea,NA,NA,NA,NA,NA,NA,NA,NA,NA,NA,0,0,0,0,0,0,0,0,0,0,0,0,0,0,0,0,0,0,0,0,0,0,0,0,0,0,0,0,0,0
        Eritrea,--,--,--,--,--,--,--,--,--,--,--,--,--,--,0,0,0,0,0,0,0,0,0,0,0,0,0,0,0,0,0,0,0,0,0,0,0,0,0,0
        Estonia,--,--,--,--,--,--,--,--,--,--,--,--,52.97,21.19,22.6,26.31,28.82,37.4339,56.504,35.315,39.5528,44.85005,26.239045,29.911805,34.11429,34.573385,35.632835,34.82059,33.40799,23.060695,24.755815,22.31908,23.201955,23.94357,18.71695,16.633365,18.2931559,17.4102884,17.8320524,16.40856375
        Eswatini,NA,NA,NA,NA,NA,NA,NA,NA,NA,NA,0,0,0,0,0,0,0,0,0,0,0,0,0,0,0,0,0,0,0,0,0,0,0,0,0,0,0,0,0,0
        Ethiopia,NA,NA,NA,NA,NA,NA,NA,NA,NA,NA,0,0,0,0,0,0,0,0,0,0,0,0,0,0,0,0,0,0,0,0,0,0,0,0,0,0,0,0,0,0
        Falkland Islands,NA,NA,NA,NA,NA,NA,NA,NA,NA,NA,0,0,0,0,0,0,0,0,0,0,0,0,0,0,0,0,0,0,0,0,0,0,0,0,0,0,0,0,0,0
        Faroe Islands,NA,NA,NA,NA,NA,NA,NA,NA,NA,NA,0,0,0,0,0,0,0,0,0,0,0,0,0,0,0,0,0,0,0,0,0,0,0,0,0,0,0,0,0,0
        Fiji,NA,NA,NA,NA,NA,NA,NA,NA,NA,NA,0,0,0,0,0,0,0,0,0,0,0,0,0,0,0,0,0,0,0,0,0,0,0,0,0,0,0,0,0,0
        Finland,NA,NA,NA,NA,NA,NA,NA,NA,NA,NA,95,100,103.86,107.8,119.26,123.35,128.89975,126.251125,144.897445,145.00339,148.640835,161.001085,160.012265,177.387245,171.595585,156.268875,168.346605,161.67207,167.357785,150.79505,166.510225,145.533115,130.10046,123.17872,108.169845,95.809595,88.1463051,81.9309179,93.1428109,90.0850219
        Former Czechoslovakia,NA,NA,NA,NA,NA,NA,NA,NA,NA,NA,532,484,402,--,--,--,--,--,--,--,--,--,--,--,--,--,--,--,--,--,--,--,--,--,--,--,--,--,--,--
        Former Serbia and Montenegro,--,--,--,--,--,--,--,--,--,--,--,--,41.67,0,29.77,7.03,74.51465,72.89016,70.63,37.08075,0,0,59.68235,66.03905,74.1615,75.92725,--,--,--,--,--,--,--,--,--,--,--,--,--,--
        Former U.S.S.R.,NA,NA,NA,NA,NA,NA,NA,NA,NA,NA,54,139,--,--,--,--,--,--,--,--,--,--,--,--,--,--,--,--,--,--,--,--,--,--,--,--,--,--,--,--
        Former Yugoslavia,NA,NA,NA,NA,NA,NA,NA,NA,NA,NA,154,155,--,--,--,--,--,--,--,--,--,--,--,--,--,--,--,--,--,--,--,--,--,--,--,--,--,--,--,--
        France,NA,NA,NA,NA,NA,NA,NA,NA,NA,NA,996,1061,1117.37,1046.74,1091.58665,1145.58,1243.72367,1247.784895,1242.80548,1434.671875,1449.3276,1430.9638,1489.93985,1481.1111,1581.4057,1731.49445,1750.9177,1656.9798,1739.26375,1664.0428,1722.31255,1673.931,1684.87865,1689.151765,1593.871895,1567.385645,1639.745465,1716.307735,1740.290712,1929.225672
        French Guiana,NA,NA,NA,NA,NA,NA,NA,NA,NA,NA,0,0,0,0,0,0,0,0,0,0,0,0,0,0,0,0,0,0,0,0,0,0,0,0,0,0,0,0,0,0
        French Polynesia,NA,NA,NA,NA,NA,NA,NA,NA,NA,NA,0,0,0,0,0,0,0,0,0,0,0,0,0,0,0,0,0,0,0,0,0,0,0,0,0,0,0,0,0,0
        Gabon,NA,NA,NA,NA,NA,NA,NA,NA,NA,NA,0,0,0,0,0,0,0,0,0,0,0,0,0,0,0,0,0,0,0,0,0,0,0,0,0,0,0,0,0,0
"        Gambia, The",NA,NA,NA,NA,NA,NA,NA,NA,NA,NA,0,0,0,0,0,0,0,0,0,0,0,0,0,0,0,0,0,0,0,0,0,0,0,0,0,0,0,0,0,0
        Georgia,--,--,--,--,--,--,--,--,--,--,--,--,183.64,91.82,56.5,74.16,63.57,10.5945,63.567,38.8465,40.61225,38.8465,47.3221,35.66815,42.73115,51.5599,49.441,59.3292,60.7418,60.0355,57.9166,52.61935,62.50755,71.68945,76.9867,84.4027843,79.23399748,80.61127078,79.44017274,89.9825013
        Germany,--,--,--,--,--,--,--,--,--,--,--,2190,2245.57,2399.48,2516.794105,2726.14,2809.484825,2704.91711,2622.032805,2710.814715,2675.711605,2780.27932,2872.557415,2965.25929,3193.217615,3324.660045,3285.84886,3058.279,3205.154085,3095.606955,3320.52819,3165.813175,3121.881315,3452.994755,3174.67724,3620.387855,3868.402993,4219.113279,3152.510855,3396.676691
"        Germany, East",NA,NA,NA,NA,NA,NA,NA,NA,NA,NA,221,--,--,--,--,--,--,--,--,--,--,--,--,--,--,--,--,--,--,--,--,--,--,--,--,--,--,--,--,--
"        Germany, West",NA,NA,NA,NA,NA,NA,NA,NA,NA,NA,1859.5,--,--,--,--,--,--,--,--,--,--,--,--,--,--,--,--,--,--,--,--,--,--,--,--,--,--,--,--,--
        Ghana,NA,NA,NA,NA,NA,NA,NA,NA,NA,NA,0,0,0,0,0,0,0,0,0,0,0,0,0,0,0,0,0,0,0,0,4.2378,29.31145,14.126,21.189,21.189,19.73617368,3.830115773,11.20792017,24.20912345,22.10398228
        Gibraltar,NA,NA,NA,NA,NA,NA,NA,NA,NA,NA,0,0,0,0,0,0,0,0,0,0,0,0,0,0,0,0,0,0,0,0,0,0,0,0,0,0,0,0,0,2.002977897
        Greece,NA,NA,NA,NA,NA,NA,NA,NA,NA,NA,0,0,0,0,0,0,0.317835,5.6504,29.488025,52.866555,72.32512,71.26567,75.15032,85.39167,92.631245,99.5883,116.32761,142.142875,149.0293,125.544825,135.998065,168.064085,154.573755,136.45716,103.508265,111.66603,143.6258335,175.7268958,173.1625707,184.3220159
        Greenland,NA,NA,NA,NA,NA,NA,NA,NA,NA,NA,0,0,0,0,0,0,0,0,0,0,0,0,0,0,0,0,0,0,0,0,0,0,0,0,0,0,0,0,0,0
        Grenada,NA,NA,NA,NA,NA,NA,NA,NA,NA,NA,0,0,0,0,0,0,0,0,0,0,0,0,0,0,0,0,0,0,0,0,0,0,0,0,0,0,0,0,0,0
        Guadeloupe,NA,NA,NA,NA,NA,NA,NA,NA,NA,NA,0,0,0,0,0,0,0,0,0,0,0,0,0,0,0,0,0,0,0,0,0,0,0,0,0,0,0,0,0,0
        Guam,NA,NA,NA,NA,NA,NA,NA,NA,NA,NA,0,0,0,0,0,0,0,0,0,0,0,0,0,0,0,0,0,0,0,0,0,0,0,0,0,0,0,0,0,0
        Guatemala,NA,NA,NA,NA,NA,NA,NA,NA,NA,NA,0,0,0,0,0,0,0,0,0,0,0,0,0,0,0,0,0,0,0,0,0,0,0,0,0,0,0,0,0,0
        Guinea,NA,NA,NA,NA,NA,NA,NA,NA,NA,NA,0,0,0,0,0,0,0,0,0,0,0,0,0,0,0,0,0,0,0,0,0,0,0,0,0,0,0,0,0,0
        Guinea-Bissau,NA,NA,NA,NA,NA,NA,NA,NA,NA,NA,0,0,0,0,0,0,0,0,0,0,0,0,0,0,0,0,0,0,0,0,0,0,0,0,0,0,0,0,0,0
        Guyana,NA,NA,NA,NA,NA,NA,NA,NA,NA,NA,0,0,0,0,0,0,0,0,0,0,0,0,0,0,0,0,0,0,0,0,0,0,0,0,0,0,0,0,0,0
        Haiti,NA,NA,NA,NA,NA,NA,NA,NA,NA,NA,0,0,0,0,0,0,0,0,0,0,0,0,0,0,0,0,0,0,0,0,0,0,0,0,0.029033887,0.03303606,0.02305344,0.051918604,0.02113232,0.042
        Hawaiian Trade Zone,NA,NA,NA,NA,NA,NA,NA,--,--,--,--,--,--,--,--,--,--,--,--,--,--,--,--,--,--,--,--,--,--,--,--,--,--,--,--,--,,,--,--
        Honduras,NA,NA,NA,NA,NA,NA,NA,NA,NA,NA,0,0,0,0,0,0,0,0,0,0,0,0,0,0,0,0,0,0,0,0,0,0,0,0,0,0,0,0,0,0
        Hong Kong,NA,NA,NA,NA,NA,NA,NA,NA,NA,NA,13.62949074,14.6994999,16.48194327,17.37904909,18.76318109,19.8902212,65.82716,103.9638285,96.8867025,106.955009,95.27987,96.1592135,91.39522,67.87543,89.13506,108.41705,105.895559,94.99735,118.6584,113.255205,141.9663,112.831425,102.06035,96.869045,92.278095,114.526545,119.4225296,119.024261,115.320681,116.7319366
        Hungary,NA,NA,NA,NA,NA,NA,NA,NA,NA,NA,226,216,186.46,207.37,196.42203,240.57,315.92799,285.27457,308.22932,318.294095,319.494805,338.564905,377.8705,429.99544,403.22667,423.92126,407.217265,370.701555,402.696945,340.260025,340.330655,283.190985,288.629495,288.73544,315.78673,239.78885,304.3794363,472.0183172,450.1920302,657.5944772
        Iceland,NA,NA,NA,NA,NA,NA,NA,NA,NA,NA,0,0,0,0,0,0,0,0,0,0,0,0,0,0,0,0,0,0,0,0,0,0,0,0,0,0,0,0,0,0
        India,NA,NA,NA,NA,NA,NA,NA,NA,NA,NA,0,0,0,0,0,0,0,0,0,0,0,0,0,0,91.819,213.3026,282.16685,352.4437,381.04885,445.6753,429.07725,578.81285,632.8448,613.7747,655.09325,659.33105,862.6918587,888.5174989,1024.055671,1098.499058
        Indonesia,NA,NA,NA,NA,NA,NA,NA,NA,NA,NA,0,0,0,0,0,0,0,0,0,0,0,0,0,0,0,0,0,0,0,0,0,0,0,0,0,0,0,0,0,0
        Iran,NA,NA,NA,NA,NA,NA,NA,NA,NA,NA,0,0,0,0,0,0,1377.285,3.5315,61.80125,70.63,93.58475,151.8545,173.0435,173.7498,183.638,204.827,204.827,257.7995,250.7365,216.1278,241.90775,373.98585,170.57145,209.0648,305.1216,337.25825,241.9438747,140.7672592,61.00739887,40.7339965
        Iraq,NA,NA,NA,NA,NA,NA,NA,NA,NA,NA,0,0,0,0,0,0,0,0,0,0,0,0,0,0,0,0,0,0,0,0,0,0,0,0,0,0,0,51.206315,150.27031,257.9160103
        Ireland,NA,NA,NA,NA,NA,NA,NA,NA,NA,NA,0,0,0,0.177,0.11,3.43,19.42325,34.96185,56.22148,76.2804,99.835505,119.50596,122.61368,128.370025,121.4836,123.53187,147.863905,160.75388,169.44137,163.43782,184.62682,163.57908,159.69443,154.361865,149.94749,149.52371,70.771929,58.3764693,72.01575471,100.5400758
        Israel,NA,NA,NA,NA,NA,NA,NA,NA,NA,NA,0,0,0,0,0,0,0,0,0,0,0,0,0,0,0,0,0,0,0,60.0355,74.1615,25.4268,3.5315,19.42325,2.8252,5.6504,12.71334,18.010545,22.614802,28.976409
        Italy,NA,NA,NA,NA,NA,NA,NA,NA,NA,NA,1076,1166,1199.01488,1135.24,1029.64,1211.8,1309.69209,1380.286775,1506.04349,1747.52746,2028.740805,1934.379125,2093.861665,2217.57011,2398.17102,2594.2399,2733.345685,2611.54425,2714.558105,2445.56375,2661.12651,2485.081235,2391.708375,2188.32929,1969.058455,2163.60879,2305.503255,2459.72255,2397.245524,2504.097254
        Jamaica,NA,NA,NA,NA,NA,NA,NA,NA,NA,NA,0,0,0,0,0,0,0,0,0,0,0,0,0,0,0,0,0,0,0,0,0,0,0,0,0,0,0.607647059,6.960588235,3.452941176,8.582352941
        Japan,NA,NA,NA,NA,NA,NA,NA,NA,NA,NA,1783.654705,1876.35658,1926.99829,1981.38339,2095.02706,2160.00666,2296.287245,2390.366405,2446.27005,2576.405825,2677.618615,2690.614535,2720.17319,2894.13488,2868.42556,2857.513225,3130.074395,3377.067505,3368.733165,3280.62224,3488.662905,4112.608325,4294.692465,4257.78829,4322.944465,4160.849465,4104.090715,4119.090715,3979.303699,3717.05521
        Jordan,NA,NA,NA,NA,NA,NA,NA,NA,NA,NA,0,0,0,0,0,0,0,0,0,0,0,0,0,12.36025,38.8465,45.2032,68.15795,82.99025,96.0568,100.64775,88.9938,35.66815,28.32263,41.6717,10.700445,96.97499,209.9467153,228.4869328,190.0676417,173.4293329
        Kazakhstan,--,--,--,--,--,--,--,--,--,--,--,--,681.58,526.19,455.56,399.06,444.97,356.6815,360.213,388.465,296.646,293.1145,289.583,307.2405,413.1855,141.26,176.575,158.9175,162.449,180.1065,200.94235,183.638,138.78795,186.4632,170.9246,165.9805,202.4252704,203.2021938,319.5768632,272.4170052
        Kenya,NA,NA,NA,NA,NA,NA,NA,NA,NA,NA,0,0,0,0,0,0,0,0,0,0,0,0,0,0,0,0,0,0,0,0,0,0,0,0,0,0,0,0,0,0
        Kiribati,NA,NA,NA,NA,NA,NA,NA,NA,NA,NA,0,0,0,0,0,0,0,0,0,0,0,0,0,0,0,0,0,0,0,0,0,0,0,0,0,0,0,0,0,0
        Kosovo,--,--,--,--,--,--,--,--,--,--,--,--,--,--,--,--,--,--,--,--,--,--,--,--,--,--,--,--,0,0,0,0,0,0,0,0,0,0,0,0
        Kuwait,NA,NA,NA,NA,NA,NA,NA,NA,NA,NA,71,0,0,0,0,0,0,0,0,0,0,0,0,0,0,0,0,0,0,31.43035,98.52885,122.1899,93.58475,76.9867,116.89265,141.26,175.515259,180.7771493,161.4462993,169.7058443
        Kyrgyzstan,--,--,--,--,--,--,--,--,--,--,--,--,81.22,77.69,63.57,29.84,63.57,67.0985,67.0985,67.0985,67.0985,70.63,42.378,25.07365,31.43035,25.07365,26.48625,26.48625,25.4268,22.6016,15.89175,13.77285,14.8323,13.20781,13.949425,5.6504,5.997760656,5.997760656,7.033788775,6.762172759
        Laos,NA,NA,NA,NA,NA,NA,NA,NA,NA,NA,0,0,0,0,0,0,0,0,0,0,0,0,0,0,0,0,0,0,0,0,0,0,0,0,0,0,0,0,0,0
        Latvia,--,--,--,--,--,--,--,--,--,--,--,--,56.5,28.25,24.72,38.85,35.32,45.9095,45.9095,45.55635,56.504,60.0355,60.0355,63.567,67.45165,68.5111,67.0985,58.26975,44.85005,55.0914,39.729375,61.977825,60.60054,59.96487,33.54925,46.12139,39.9766322,43.8965639,49.94701451,47.80814382
        Lebanon,NA,NA,NA,NA,NA,NA,NA,NA,NA,NA,0,0,0,0,0,0,0,0,0,0,0,0,0,0,0,0,0,0,0,1.4126,5.29725,0,0,0,0,0,0,0,0,0
        Lesotho,NA,NA,NA,NA,NA,NA,NA,NA,NA,NA,0,0,0,0,0,0,0,0,0,0,0,0,0,0,0,0,0,0,0,0,0,0,0,0,0,0,0,0,0,0
        Liberia,NA,NA,NA,NA,NA,NA,NA,NA,NA,NA,0,0,0,0,0,0,0,0,0,0,0,0,0,0,0,0,0,0,0,0,0,0,0,0,0,0,0,0,0,0
        Libya,NA,NA,NA,NA,NA,NA,NA,NA,NA,NA,0,0,0,0,0,0,0,0,0,0,0,0,0,0,0,0,0,0,0,0,0,0,0,0,0,0,0,0,0,0
        Lithuania,--,--,--,--,--,--,--,--,--,--,--,--,141.26,84.76,81.22,98.88,91.82,102.4135,113.008,75.5741,91.819,97.4694,102.06035,107.00445,103.1198,107.3576,102.76665,121.4836,124.66195,96.40995,109.82965,120.071,117.2458,114.4206,98.1757,88.2514353,77.7276547,87.8276589,80.5873769,92.700319
        Luxembourg,NA,NA,NA,NA,NA,NA,NA,NA,NA,NA,17,18,18.78758,19.529195,19.67,22.46,24.543925,25.00302,25.179595,26.1331,26.733455,27.68696,42.625205,42.554575,47.922455,47.216155,49.546945,46.33328,44.320325,44.814735,48.16966,41.777645,42.73115,36.37445,34.361495,30.900625,28.3932813,27.722302,27.25569043,27.28521391
        Macau,NA,NA,NA,NA,NA,NA,NA,NA,NA,NA,0,0,0,0,0,0,0,0,0,0,0,0,0,0,0,0,0,0,0,0,5.456615556,2.597184297,0,0.013101754,2.061319039,0.075008423,0.335207132,6.197023556,3.288716752,4.722458258
        Madagascar,NA,NA,NA,NA,NA,NA,NA,NA,NA,NA,0,0,0,0,0,0,0,0,0,0,0,0,0,0,0,0,0,0,0,0,0,0,0,0,0,0,0,0,0,0
        Malawi,NA,NA,NA,NA,NA,NA,NA,NA,NA,NA,0,0,0,0,0,0,0,0,0,0,0,0,0,0,0,0,0,0,0,0,0,0,0,0,0,0,0,0,0,0
        Malaysia,NA,NA,NA,NA,NA,NA,NA,NA,NA,NA,0,0,0,0,0,0,0,0,0,0,0,0,0,0,27.19255,52.9725,57.2103,66.03905,65.33275,53.6788,103.8261,70.27685,82.6371,115.1269,163.50845,115.48005,74.3384245,98.6349381,96.8938612,140.7257462
        Maldives,NA,NA,NA,NA,NA,NA,NA,NA,NA,NA,0,0,0,0,0,0,0,0,0,0,0,0,0,0,0,0,0,0,0,0,0,0,0,0,0,0,0,0,0,0
        Mali,NA,NA,NA,NA,NA,NA,NA,NA,NA,NA,0,0,0,0,0,0,0,0,0,0,0,0,0,0,0,0,0,0,0,0,0,0,0,0,0,0,0,0,0,0
        Malta,NA,NA,NA,NA,NA,NA,NA,NA,NA,NA,0,0,0,0,0,0,0,0,0,0,0,0,0,0,0,0,0,0,0,0,0,0,0,0,0,0,0,10.6297247,13.33189635,13.73863851
        Martinique,NA,NA,NA,NA,NA,NA,NA,NA,NA,NA,0,0,0,0,0,0,0,0,0,0,0,0,0,0,0,0,0,0,0,0,0,0,0,0,0,0,0,0,0,0
        Mauritania,NA,NA,NA,NA,NA,NA,NA,NA,NA,NA,0,0,0,0,0,0,0,0,0,0,0,0,0,0,0,0,0,0,0,0,0,0,0,0,0,0,0,0,0,0
        Mauritius,NA,NA,NA,NA,NA,NA,NA,NA,NA,NA,0,0,0,0,0,0,0,0,0,0,0,0,0,0,0,0,0,0,0,0,0,0,0,0,0,0,0,0,0,0
        Mexico,NA,NA,NA,NA,NA,NA,NA,NA,NA,NA,16,59,90.05325,35.24437,45.62698,63.07259,30.618105,39.83532,55.16203,61.4481,102.76665,138.64669,266.098525,363.356035,411.20786,330.301195,371.5138,398.953555,480.14274,478.37699,540.88454,623.09786,814.43453,947.819285,1018.62586,1287.973365,1556.163785,1770.239313,1877.316107,2087.784016
        Micronesia,0,0,0,0,0,0,0,0,0,0,0,0,0,0,0,0,0,0,0,0,0,0,0,0,0,0,0,0,0,0,0,0,0,0,0,0,0,0,0,0
        Moldova,--,--,--,--,--,--,--,--,--,--,--,--,77.69,63.57,49.44,49.44,70.63,84.756,81.57765,74.1615,75.22095,72.39575,77.693,84.0497,76.63355,86.52175,91.819,86.1686,88.9938,82.28395,76.63355,74.51465,122.54305,115.8332,111.24225,96.0568,97.0809263,88.5347689,96.55594695,98.96351645
        Mongolia,NA,NA,NA,NA,NA,NA,NA,NA,NA,NA,0,0,0,0,0,0,0,0,0,0,0,0,0,0,0,0,0,0,0,0,0,0,0,0,0,0,0,0,0,0
        Montenegro,--,--,--,--,--,--,--,--,--,--,--,--,--,--,--,--,--,--,--,--,--,--,--,--,--,--,0,0,0,0,0,0,0,0,0,0,0,0,0,0
        Montserrat,NA,NA,NA,NA,NA,NA,NA,NA,NA,NA,0,0,0,0,0,0,0,0,0,0,0,0,0,0,0,0,0,0,0,0,0,0,0,0,0,0,0,0,0,0
        Morocco,NA,NA,NA,NA,NA,NA,NA,NA,NA,NA,0,0,0,0,0,0,0,0,0,0,0,0,0,0,0,14.34735645,17.81809685,20.63071824,17.6575,17.6575,17.6575,26.1331,41.38918,39.41154,38.175515,39.800005,40.7535019,40.4003549,36.01045945,33.57572132
        Mozambique,NA,NA,NA,NA,NA,NA,NA,NA,NA,NA,0,0,0,0,0,0,0,0,0,0,0,0,0,0,0,0,0,0,0,0,0,0,0,0,0,0,0,0,0,0
        Namibia,--,--,--,--,--,--,--,--,--,--,0,0,0,0,0,0,0,0,0,0,0,0,0,0,0,0,0,0,0,0,0,0,0,0,0,0,0,0,0,0
        Nauru,NA,NA,NA,NA,NA,NA,NA,NA,NA,NA,0,0,0,0,0,0,0,0,0,0,0,0,0,0,0,0,0,0,0,0,0,0,0,0,0,0,0,0,0,0
        Nepal,NA,NA,NA,NA,NA,NA,NA,NA,NA,NA,0,0,0,0,0,0,0,0,0,0,0,0,0,0,0,0,0,0,0,0,0,0,0,0,0,0,0,0,0,0
        Netherlands,NA,NA,NA,NA,NA,NA,NA,NA,NA,NA,100,86.274545,104.32051,130.065145,129.711995,136.068695,201.048295,254.938985,254.47989,381.96704,614.728205,755.070015,944.88814,899.578995,665.3346,810.090785,889.01981,921.474295,934.399585,906.500735,909.325935,812.562835,921.29772,953.29311,1028.478745,1338.01472,1522.110251,1800.955122,2035.410215,1969.405801
        Netherlands Antilles,NA,NA,NA,NA,NA,NA,NA,NA,NA,NA,0,0,0,0,0,0,0,0,0,0,0,0,0,0,0,0,0,0,0,0,0,0,0,0,0,0,0,0,0,0
        New Caledonia,NA,NA,NA,NA,NA,NA,NA,NA,NA,NA,0,0,0,0,0,0,0,0,0,0,0,0,0,0,0,0,0,0,0,0,0,0,0,0,0,0,0,0,0,0
        New Zealand,NA,NA,NA,NA,NA,NA,NA,NA,NA,NA,0,0,0,0,0,0,0,0,0,0,0,0,0,0,0,0,0,0,0,0,0,0,0,0,0,0,0,0,0,0
        Nicaragua,NA,NA,NA,NA,NA,NA,NA,NA,NA,NA,0,0,0,0,0,0,0,0,0,0,0,0,0,0,0,0,0,0,0,0,0,0,0,0,0,0,0,0,0,0
        Niger,NA,NA,NA,NA,NA,NA,NA,NA,NA,NA,0,0,0,0,0,0,0,0,0,0,0,0,0,0,0,0,0,0,0,0,0,0,0,0,0,0,0,0,0,0
        Nigeria,NA,NA,NA,NA,NA,NA,NA,NA,NA,NA,0,0,0,0,0,0,0,0,0,0,0,0,0,0,0,0,0,0,0,0,0,0,0,0,0,0,0,0,0,0
        Niue,NA,NA,NA,NA,NA,NA,NA,NA,NA,NA,0,0,0,0,0,0,0,0,0,0,0,0,0,0,0,0,0,0,0,0,0,0,0,0,0,0,0,0,0,0
        North Korea,NA,NA,NA,NA,NA,NA,NA,NA,NA,NA,0,0,0,0,0,0,0,0,0,0,0,0,0,0,0,0,0,0,0,0,0,0,0,0,0,0,0,0,0,0
        North Macedonia,--,--,--,--,--,--,--,--,--,--,--,--,9.421471173,10.42,0,0,0,0,0.7063,1.4126,0,0,0,0,3.5315,3.5315,3.5315,2.8252,2.47205,2.8252,2.8252,4.2378,2.8252,1.4126,1.76575,2.1189,4.8381319,7.0276433,6.3247033,7.7305833
        Northern Mariana Islands,0,0,0,0,0,0,0,0,0,0,0,0,0,0,0,0,0,0,0,0,0,0,0,0,0,0,0,0,0,0,0,0,0,0,0,0,0,0,0,0
        Norway,NA,NA,NA,NA,NA,NA,NA,NA,NA,NA,0,0,0,0,0,0,0,0,0,0,0,0,0,0,0,0,0,0,0,0,0,0,0,0,0,0.56868,1.51648,1.04258,0.37912,0.9478
        Oman,NA,NA,NA,NA,NA,NA,NA,NA,NA,NA,0,0,0,0,0,0,0,0,0,0,0,0,0,0,0,0,0,0,12.36025,52.9725,67.0985,68.86425,68.86425,68.86425,69.57055,70.27685,69.78547738,69.71844379,56.71405379,56.71405379
        Pakistan,NA,NA,NA,NA,NA,NA,NA,NA,NA,NA,0,0,0,0,0,0,0,0,0,0,0,0,0,0,0,0,0,0,0,0,0,0,0,0,0,48.38155,132.6659743,218.8326028,314.1891048,379.3916757
        Palestinian Territories,--,--,--,--,--,--,--,--,--,--,--,--,--,--,--,--,--,0,0,0,0,0,0,0,0,0,0,0,0,0,0,0,0,0,0,0,0,0,0,0
        Panama,NA,NA,NA,NA,NA,NA,NA,NA,NA,NA,0,0,0,0,0,0,0,0,0,0,0,0,0,0,0,0,0,0,0,0,0,0,0,0,0,0,0,0,6.786,19.52041999
        Papua New Guinea,NA,NA,NA,NA,NA,NA,NA,NA,NA,NA,0,0,0,0,0,0,0,0,0,0,0,0,0,0,0,0,0,0,0,0,0,0,0,0,0,0,0,0,0,0
        Paraguay,NA,NA,NA,NA,NA,NA,NA,NA,NA,NA,0,0,0,0,0,0,0,0,0,0,0,0,0,0,0,0,0,0,0,0,0,0,0,0,0,0,0,0,0,0
        Peru,NA,NA,NA,NA,NA,NA,NA,NA,NA,NA,0,0,0,0,0,0,0,0,0,0,0,0,0,0,0,0,0,0,0,0,0,0,0,0,0,0,0,0,0,0
        Philippines,NA,NA,NA,NA,NA,NA,NA,NA,NA,NA,0,0,0,0,0,0,0,0,0,0,0,0,0,0,0,0,0,0,0,0,0,0,0,0,0,0,0,0,0,0
        Poland,NA,NA,NA,NA,NA,NA,NA,NA,NA,NA,292,246,230.289115,202.249005,216.62221,252.255045,274.11503,286.19276,267.934905,270.30101,285.945555,310.13633,289.65363,324.898,351.843345,369.500845,385.71043,357.52906,395.59863,351.52551,384.756925,416.36385,432.53812,440.907775,417.387985,428.053115,518.3881176,555.3979232,556.7888306,602.2741642
        Portugal,NA,NA,NA,NA,NA,NA,NA,NA,NA,NA,0,0,0,0,0,0,0,4.061225,28.711095,80.23568,81.2245,90.159195,109.82965,106.86319,132.7844,157.64616,148.323,152.525485,168.205345,172.90224,182.2254,183.07296,159.20002,155.421315,143.73205,166.439595,174.6326054,231.1008107,215.0354684,220.4386175
        Puerto Rico,NA,NA,NA,NA,NA,NA,NA,NA,NA,NA,0,0,0,0,0,0,0,0,0,0,12.36025,22.24845,22.24845,26.1331,24.0142,23.66105,25.4268,26,28.486,26.723,27.193,26.48625,48.0284,56.706929,58.713233,55.373429,61.334954,46.432854,60.268787,68.721584
        Qatar,NA,NA,NA,NA,NA,NA,NA,NA,NA,NA,0,0,0,0,0,0,0,0,0,0,0,0,0,0,0,0,0,0,0,0,0,0,0,0,0,0,0,0,0,0
        Reunion,NA,NA,NA,NA,NA,NA,NA,NA,NA,NA,0,0,0,0,0,0,0,0,0,0,0,0,0,0,0,0,0,0,0,0,0,0,0,0,0,0,0,0,0,0
        Romania,NA,NA,NA,NA,NA,NA,NA,NA,NA,NA,260,164,158.92,162.449,158.92,217.19,259.57,215.4215,134.197,120.071,120.071,190.701,176.575,201.2955,218.953,229.5475,208.3585,173.0435,157.5049,70.98315,80.5182,111.5954,100.64775,50.8536,19.7764,6.00355,50.9591631,42.730838,54.00803412,98.91634014
        Russia,--,--,--,--,--,--,--,--,--,--,--,--,734.55,713.36,257.8,289.58,162.449,105.945,70.63,150.08875,314.3035,0,77.693,486.6407,794.5875,967.631,1889.3525,1818.7225,1984.703,1317.2495,1341.97,1306.655,1130.08,1045.324,844.0285,557.977,562.7444845,557.3766501,578.5351441,568.9962483
        Rwanda,NA,NA,NA,NA,NA,NA,NA,NA,NA,NA,0,0,0,0,0,0,0,0,0,0,0,0,0,0,0,0,0,0,0,0,0,0,0,0,0,0,0,0,0,0
        Saint Helena,NA,NA,NA,NA,NA,NA,NA,NA,NA,NA,0,0,0,0,0,0,0,0,0,0,0,0,0,0,0,0,0,0,0,0,0,0,0,0,0,0,0,0,0,0
        Saint Kitts and Nevis,NA,NA,NA,NA,NA,NA,NA,NA,NA,NA,0,0,0,0,0,0,0,0,0,0,0,0,0,0,0,0,0,0,0,0,0,0,0,0,0,0,0,0,0,0
        Saint Lucia,NA,NA,NA,NA,NA,NA,NA,NA,NA,NA,0,0,0,0,0,0,0,0,0,0,0,0,0,0,0,0,0,0,0,0,0,0,0,0,0,0,0,0,0,0
        Saint Pierre and Miquelon,NA,NA,NA,NA,NA,NA,NA,NA,NA,NA,0,0,0,0,0,0,0,0,0,0,0,0,0,0,0,0,0,0,0,0,0,0,0,0,0,0,0,0,0,0
        Saint Vincent/Grenadines,NA,NA,NA,NA,NA,NA,NA,NA,NA,NA,0,0,0,0,0,0,0,0,0,0,0,0,0,0,0,0,0,0,0,0,0,0,0,0,0,0,0,0,0,0
        Samoa,NA,NA,NA,NA,NA,NA,NA,NA,NA,NA,0,0,0,0,0,0,0,0,0,0,0,0,0,0,0,0,0,0,0,0,0,0,0,0,0,0,0,0,0,0
        Sao Tome and Principe,NA,NA,NA,NA,NA,NA,NA,NA,NA,NA,0,0,0,0,0,0,0,0,0,0,0,0,0,0,0,0,0,0,0,0,0,0,0,0,0,0,0,0,0,0
        Saudi Arabia,NA,NA,NA,NA,NA,NA,NA,NA,NA,NA,0,0,0,0,0,0,0,0,0,0,0,0,0,0,0,0,0,0,0,0,0,0,0,0,0,0,0,0,0,0
        Senegal,NA,NA,NA,NA,NA,NA,NA,NA,NA,NA,0,0,0,0,0,0,0,0,0,0,0,0,0,0,0,0,0,0,0,0,0,0,0,0,0,0,0,0,0,0
        Serbia,--,--,--,--,--,--,--,--,--,--,--,--,--,--,--,--,--,--,--,--,--,--,--,--,--,--,74.1615,74.1615,75.92725,54.73825,64.62645,65.33275,79.1056,57.56345,45.9095,55.7977,57.7400085,70.983021,71.53475861,69.94576274
        Seychelles,NA,NA,NA,NA,NA,NA,NA,NA,NA,NA,0,0,0,0,0,0,0,0,0,0,0,0,0,0,0,0,0,0,0,0,0,0,0,0,0,0,0,0,0,0
        Sierra Leone,NA,NA,NA,NA,NA,NA,NA,NA,NA,NA,0,0,0,0,0,0,0,0,0,0,0,0,0,0,0,0,0,0,0,0,0,0,0,0,0,0,0,0,0,0
        Singapore,NA,NA,NA,NA,NA,NA,NA,NA,NA,NA,0,0,38.85,52.97,52.97,52.97,52.9725,52.9725,52.9725,52.9725,52.9725,41.6717,41.31855,187.8758,233.43215,233.43215,233.43215,304.4153,323.83855,284.6389,296.646,298.7649,341.601995,384.191885,437.55285,436.84655,453.6693319,476.09388,479.486163,485.4955113
        Slovakia,--,--,--,--,--,--,--,--,--,--,--,--,--,194.72691,200.65983,260.98,221.389735,226.121945,234.56223,228.98246,248.47634,247.27563,256.210325,239.965425,245.403935,261.295685,245.0861,221.35442,221.28379,207.58157,215.35087,208.605705,169.547315,186.074735,167.993455,155.633205,154.6090787,176.3629339,146.4176899,230.5019906
        Slovenia,--,--,--,--,--,--,--,--,--,--,--,--,23.78,29.31145,28.61,34.26,44.5,31.28909,33.1961,34.96185,35.66815,36.7276,35.350315,35.632835,38.811185,40.153155,38.881815,39.5528,37.99894,35.985985,37.186695,31.92476,30.72405,29.911805,27.05129,28.711095,30.4062006,31.889418,31.2813749,31.74768725
        Solomon Islands,NA,NA,NA,NA,NA,NA,NA,NA,NA,NA,0,0,0,0,0,0,0,0,0,0,0,0,0,0,0,0,0,0,0,0,0,0,0,0,0,0,0,0,0,0
        Somalia,NA,NA,NA,NA,NA,NA,NA,NA,NA,NA,0,0,0,0,0,0,0,0,0,0,0,0,0,0,0,0,0,0,0,0,0,0,0,0,0,0,0,0,0,0
        South Africa,NA,NA,NA,NA,NA,NA,NA,NA,NA,NA,0,0,0,0,0,0,0,0,0,0,0,0,0,0,38.49335,73.4552,45.9095,86.1686,97.4694,89.34695,107.3576,116.5395,127.134,131.3718,134.197,134.197,141.7543458,147.0515508,130.6530501,125.0851327
        South Korea,NA,NA,NA,NA,NA,NA,NA,NA,NA,NA,106,127,157.99931,205.427355,273.44,325.639615,442.56758,536.29359,488.83023,598.342045,670.949685,745.42902,822.1332,896.22407,1021.627635,1029.185045,1164.724015,1179.09722,1314.318355,1190.786485,1547.326725,1650.234635,1687.668535,1877.310085,1733.47209,1533.73045,1562.698494,1753.475425,2056.112056,1957.059818
        South Sudan,--,--,--,--,--,--,--,--,--,--,--,--,--,--,--,--,--,--,--,--,--,--,--,--,--,--,--,--,--,--,--,--,0,0,0,0,0,0,0,0
        Spain,NA,NA,NA,NA,NA,NA,NA,NA,NA,NA,142.67,170,187.134185,196.84581,250.913075,290.82,321.50776,446.205025,466.22863,537.56493,598.02421,611.93832,772.091845,818.495755,1004.040765,1233.800155,1290.869195,1284.97159,1439.08625,1291.68144,1296.802115,1253.294035,1238.21453,1253.294035,1284.90096,1143.888165,1144.382571,1222.851834,1229.564911,1313.36758
        Sri Lanka,NA,NA,NA,NA,NA,NA,NA,NA,NA,NA,0,0,0,0,0,0,0,0,0,0,0,0,0,0,0,0,0,0,0,0,0,0,0,0,0,0,0,0,0,0
        Sudan,NA,NA,NA,NA,NA,NA,NA,NA,NA,NA,0,0,0,0,0,0,0,0,0,0,0,0,0,0,0,0,0,0,0,0,0,0,0,0,0,0,0,0,0,0
        Suriname,NA,NA,NA,NA,NA,NA,NA,NA,NA,NA,0,0,0,0,0,0,0,0,0,0,0,0,0,0,0,0,0,0,0,0,0,0,0,0,0,0,0,0,0,0
        Sweden,NA,NA,NA,NA,NA,NA,NA,NA,NA,NA,23,25,27.96948,30.16,30.08838,30.26,32.454485,32.030705,31.748185,31.85413,31.14783,34.18492,34.82059,34.714645,34.573385,32.91358,34.46744,35.562205,32.27791,42.554575,57.598765,45.98013,39.90595,38.316775,31.465665,28.67578,32.3838235,38.40702464,38.40702464,41.47817459
        Switzerland,NA,NA,NA,NA,NA,NA,NA,NA,NA,NA,70.28,78.89,82.954935,87.02,85.88608,94.679515,102.48413,98.95263,101.883775,105.556535,104.920865,109.229295,107.21634,113.325835,116.927965,120.035685,116.716075,113.64367,121.095135,116.221665,129.81794,115.162215,126.251125,132.92566,115.162215,123.03746,129.2528472,129.8178824,123.1713738,126.3522828
        Syria,NA,NA,NA,NA,NA,NA,NA,NA,NA,NA,0,0,0,0,0,0,0,0,0,0,0,0,0,0,0,0,0,0,4.9441,32.13665,24.36735,8.82875,0,0,0,0,0,0,0,0
        Taiwan,NA,NA,NA,NA,NA,NA,NA,NA,NA,NA,0,81.3373526,79.1056,81.9308,108.06,117.25,124.66195,153.9734,187.52265,188.93525,211.1837,226.016,254.268,264.1562,322.42595,339.37715,360.213,388.81815,401.1784,416.36385,526.1935,562.56795,535.975755,539.33068,635.31685,684.75785,710.3256928,781.8379603,789.3317928,783.0157363
        Tajikistan,--,--,--,--,--,--,--,--,--,--,--,--,63.57,49.44,56.5,27.12,42.38,38.8465,37.4339,39.19965,42.73115,44.14375,41.31855,46.26265,47.67525,49.08785,43.7906,22.6016,14.126,6.674535,6.533275,6.3567,6.63922,6.99237,7.48678,0,0,0,1.9190262,4.922407644
        Tanzania,NA,NA,NA,NA,NA,NA,NA,NA,NA,NA,0,0,0,0,0,0,0,0,0,0,0,0,0,0,0,0,0,0,0,0,0,0,0,0,0,0,0,0,0,0
        Thailand,NA,NA,NA,NA,NA,NA,NA,NA,NA,NA,0,0,0,0,0,0,0,0,0,3.17835,46.96895,177.9876,218.953,250.38335,265.92195,312.8909,317.1287,331.961,301.94325,292.76135,311.12515,338.3177,344.6744,365.8634,374.05648,470.713635,456.587755,509.1360286,520.5784508,527.7732877
        The Bahamas,NA,NA,NA,NA,NA,NA,NA,NA,NA,NA,0,0,0,0,0,0,0,0,0,0,0,0,0,0,0,0,0,0,0,0,0,0,0,0,0,0,0,0.002,0.137,0.156
        Timor-Leste,--,--,--,--,--,--,--,--,--,--,--,--,--,--,--,--,--,--,--,--,--,--,--,0,0,0,0,0,0,0,0,0,0,0,0,0,0,0,0,0
        Togo,NA,NA,NA,NA,NA,NA,NA,NA,NA,NA,0,0,0,0,0,0,0,0,0,0,0,0,0,0,0,0,0,0,0,0,0,0,0,0,0,0.878675,0.35147,1.370733,1.581615,1.581615
        Tonga,NA,NA,NA,NA,NA,NA,NA,NA,NA,NA,0,0,0,0,0,0,0,0,0,0,0,0,0,0,0,0,0,0,0,0,0,0,0,0,0,0,0,0,0,0
        Trinidad and Tobago,NA,NA,NA,NA,NA,NA,NA,NA,NA,NA,0,0,0,0,0,0,0,0,0,0,0,0,0,0,0,0,0,0,0,0,0,0,0,0,0,0,0,0,0,0
        Tunisia,NA,NA,NA,NA,NA,NA,NA,NA,NA,NA,42,22.95475,24.7205,39.906,56.5,45.91,38.8465,32.13665,36.7276,38.8465,42.378,55.7977,59.68235,49.441,45.9095,63.567,45.9095,44.14375,49.441,44.14375,44.14375,48.7347,66.74535,79.8119,102.06035,104.88555,121.2009414,135.609339,141.626646,152.065305
        Turkey,NA,NA,NA,NA,NA,NA,NA,NA,NA,NA,115.020955,142.496025,156.692655,174.95051,187.628595,243.002515,283.897285,338.45896,349.40661,425.05134,507.8297,556.35251,604.23965,729.25475,767.46558,938.425495,1067.183985,1265.40708,1312.058195,1266.25464,1343.276655,1549.55157,1621.73543,1598.71005,1739.68753,1710.199505,1636.921503,1946.596107,1771.985811,1592.384641
        Turkmenistan,--,--,--,--,--,--,--,--,--,--,--,--,0,0,0,0,0,0,0,0,0,0,0,0,0,0,0,0,0,0,0,0,0,0,0,0,0,0,0,0
        Turks and Caicos Islands,NA,NA,NA,NA,NA,NA,NA,NA,NA,NA,0,0,0,0,0,0,0,0,0,0,0,0,0,0,0,0,0,0,0,0,0,0,0,0,0,0,0,0,0,0
        Tuvalu,0,0,0,0,0,0,0,0,0,0,0,0,0,0,0,0,0,0,0,0,0,0,0,0,0,0,0,0,0,0,0,0,0,0,0,0,0,0,0,0
        U.S. Pacific Islands,NA,NA,NA,NA,NA,NA,NA,NA,NA,NA,0,0,0,0,0,0,0,0,0,0,0,0,0,0,0,0,0,0,0,0,0,0,0,0,0,0,0,0,0,0
        U.S. Territories,,,,,,,,,,,,,,,,,,,,,,,,,,,,,,,,,,,,,,,,
        U.S. Virgin Islands,NA,NA,NA,NA,NA,NA,NA,NA,NA,NA,0,0,0,0,0,0,0,0,0,0,0,0,0,0,0,0,0,0,0,0,0,0,0,0,0,0,0,0,0,0
        Uganda,NA,NA,NA,NA,NA,NA,NA,NA,NA,NA,0,0,0,0,0,0,0,0,0,0,0,0,0,0,0,0,0,0,0,0,0,0,0,0,0,0,0,0,0,0
        Ukraine,--,--,--,--,--,--,--,--,--,--,--,--,2765.16,3192.48,2683.94,2355.5,2316.66,2178.9355,1967.0455,2122.4315,2143.6205,1974.1085,2129.4945,2334.3215,2373.168,2394.357,2447.3295,2309.601,2267.223,942.9105,1285.466,1582.46515,1162.92295,988.82,706.3,500.943275,378.5382693,458.031659,338.110095,379.302379
        United Arab Emirates,NA,NA,NA,NA,NA,NA,NA,NA,NA,NA,0,0,0,0,4,17.66,17.6575,17.6575,15.89175,15.89175,0,7.063,7.063,7.063,49.441,49.441,49.441,227.78175,591.52625,591.52625,597.17665,998.531625,657.5653,688.28935,711.2441,769.9724461,753.1273342,743.2747539,686.684079,707.7755588
        United Kingdom,NA,NA,NA,NA,NA,NA,NA,NA,NA,NA,255,225,199.494435,157.99931,107,60.39,60.38865,46.6158,31.7835,48.38155,77.693,105.945,180.1065,263.09675,434.3745,583.4038,754.3284,1058.0374,1290.05695,1452.50595,1908.63449,1900.194205,1782.171475,1734.849375,1509.92814,1571.623445,1666.160897,1659.521733,1659.683796,1665.532994
        United States,984.767,903.949,933.336,918.407,843.06,949.715,750.449,992.532,1293.812,1381.519892,1532.258848,1773.312674,2137.503706,2350.114523,2623.839453,2841.048409,2937.412568,2994.172832,3152.057632,3585.505024,3781.602987,3976.939284,4015.462598,3943.749002,4258.558342,4341.034052,4186.280823,4607.581658,3984.101115,3751.359555,3740.757199,3468.692756,3137.789154,2883.355488,2695.378461,2718.093541,3006.496606,3033.226244,2888.846549,2741.716528
        Uruguay,NA,NA,NA,NA,NA,NA,NA,NA,NA,NA,0,0,0,0,0,0,0,0,0,0.7063,1.4126,1.4126,0.7063,2.1189,4.2378,3.17835,4.2378,3.17835,2.47205,1.4126,2.8252,2.8252,2.1189,2.1189,1.953903689,1.988639754,2.249160246,2.540074795,1.941412887,3.420731239
        Uzbekistan,--,--,--,--,--,--,--,--,--,--,--,--,102.41,91.82,70.63,0,0,0,0,0,0,0,0,0,0,0,0,0,0,0,0,9.8882,0,9.8882,0,0,0,0,0,0
        Vanuatu,NA,NA,NA,NA,NA,NA,NA,NA,NA,NA,0,0,0,0,0,0,0,0,0,0,0,0,0,0,0,0,0,0,0,0,0,0,0,0,0,0,0,0,0,0
        Venezuela,NA,NA,NA,NA,NA,NA,NA,NA,NA,NA,0,0,0,0,0,0,0,0,0,0,0,0,0,0,0,0,0,3.5315,52.9725,63.567,51.06549,74.51465,64.9796,64.308615,64.944285,17.6575,0,0,0,0
        Vietnam,NA,NA,NA,NA,NA,NA,NA,NA,NA,NA,0,0,0,0,0,0,0,0,0,0,0,0,0,0,0,0,0,0,0,0,0,0,0,0,0,0,0,0,0,0
        Wake Island,NA,NA,NA,NA,NA,NA,NA,NA,NA,NA,0,0,0,0,0,0,0,0,0,0,0,0,0,0,0,0,0,0,0,0,0,0,0,0,0,0,0,0,0,0
        Western Sahara,NA,NA,NA,NA,NA,NA,NA,NA,NA,NA,0,0,0,0,0,0,0,0,0,0,0,0,0,0,0,0,0,0,0,0,0,0,0,0,0,0,0,0,0,0
        Yemen,NA,NA,NA,NA,NA,NA,NA,NA,NA,NA,0,0,0,0,0,0,0,0,0,0,0,0,0,0,0,0,0,0,0,0,0,0,0,0,0,0,0,0,0,0
        Zambia,NA,NA,NA,NA,NA,NA,NA,NA,NA,NA,0,0,0,0,0,0,0,0,0,0,0,0,0,0,0,0,0,0,0,0,0,0,0,0,0,0,0,0,0,0
        Zimbabwe,NA,NA,NA,NA,NA,NA,NA,NA,NA,NA,0,0,0,0,0,0,0,0,0,0,0,0,0,0,0,0,0,0,0,0,0,0,0,0,0,0,0,0,0,0
